{"cameraMode":{"drawMode":0,"name":"Shaded","section":"Shading Mode"},"sceneLighting":false,"audioPlay":false,"sceneViewState":{"showFog":true,"showMaterialUpdate":false,"showSkybox":false,"showFlares":true,"showImageEffects":true,"showParticleSystems":true},"in2DMode":false,"pivot":{"x":-36.78845977783203,"y":5.641193389892578,"z":-18.968778610229493},"rotation":{"x":-0.010125701315701008,"y":0.760938823223114,"z":-0.011878703720867634,"w":-0.6486359238624573},"size":48.41472625732422,"orthographic":false}